<metadata xml:lang="en"><Esri><CreaDate>20100127</CreaDate><CreaTime>10532100</CreaTime><SyncOnce>FALSE</SyncOnce><SyncDate>20130913</SyncDate><SyncTime>11455000</SyncTime><ModDate>20130913</ModDate><ModTime>11455000</ModTime><DataProperties><lineage><Process ToolSource="C:\Program Files\ArcGIS\ArcToolbox\Toolboxes\Data Management Tools.tbx\CopyFeatures" Date="20080708" Time="141053">CopyFeatures P:\GIS\PROJECTS\PRIM\PRIM_Layers.gdb\bdry_counpy2_anno P:\GIS\PROJECTS\PRIM\PRIM_LayersV92.gdb\bdry_counpy2_anno # 0 0 0</Process><Process ToolSource="C:\Program Files\ArcGIS\ArcToolbox\Toolboxes\Conversion Tools.tbx\FeatureClassToFeatureClass" Date="20100126" Time="135932">FeatureClassToFeatureClass Y:\projects\PRIM\anno_prim.gdb\Counties_in_Minnesota_anno Y:\projects\PRIM\TEST.gdb Counties_in_Minnesota_anno # "TextString 'TextString' true true false 255 Text 0 0 ,First,#,Y:\projects\PRIM\anno_prim.gdb\Counties_in_Minnesota_anno,TextString,-1,-1;FontName 'FontName' true true false 255 Text 0 0 ,First,#,Y:\projects\PRIM\anno_prim.gdb\Counties_in_Minnesota_anno,FontName,-1,-1;FontSize 'FontSize' true true false 8 Double 0 0 ,First,#,Y:\projects\PRIM\anno_prim.gdb\Counties_in_Minnesota_anno,FontSize,-1,-1;Bold 'Bold' true true false 2 Short 0 0 ,First,#,Y:\projects\PRIM\anno_prim.gdb\Counties_in_Minnesota_anno,Bold,-1,-1;Italic 'Italic' true true false 2 Short 0 0 ,First,#,Y:\projects\PRIM\anno_prim.gdb\Counties_in_Minnesota_anno,Italic,-1,-1;Underline 'Underline' true true false 2 Short 0 0 ,First,#,Y:\projects\PRIM\anno_prim.gdb\Counties_in_Minnesota_anno,Underline,-1,-1;VerticalAlignment 'VerticalAlignment' true true false 2 Short 0 0 ,First,#,Y:\projects\PRIM\anno_prim.gdb\Counties_in_Minnesota_anno,VerticalAlignment,-1,-1;HorizontalAlignment 'HorizontalAlignment' true true false 2 Short 0 0 ,First,#,Y:\projects\PRIM\anno_prim.gdb\Counties_in_Minnesota_anno,HorizontalAlignment,-1,-1;XOffset 'XOffset' true true false 8 Double 0 0 ,First,#,Y:\projects\PRIM\anno_prim.gdb\Counties_in_Minnesota_anno,XOffset,-1,-1;YOffset 'YOffset' true true false 8 Double 0 0 ,First,#,Y:\projects\PRIM\anno_prim.gdb\Counties_in_Minnesota_anno,YOffset,-1,-1;Angle 'Angle' true true false 8 Double 0 0 ,First,#,Y:\projects\PRIM\anno_prim.gdb\Counties_in_Minnesota_anno,Angle,-1,-1;FontLeading 'FontLeading' true true false 8 Double 0 0 ,First,#,Y:\projects\PRIM\anno_prim.gdb\Counties_in_Minnesota_anno,FontLeading,-1,-1;WordSpacing 'WordSpacing' true true false 8 Double 0 0 ,First,#,Y:\projects\PRIM\anno_prim.gdb\Counties_in_Minnesota_anno,WordSpacing,-1,-1;CharacterWidth 'CharacterWidth' true true false 8 Double 0 0 ,First,#,Y:\projects\PRIM\anno_prim.gdb\Counties_in_Minnesota_anno,CharacterWidth,-1,-1;CharacterSpacing 'CharacterSpacing' true true false 8 Double 0 0 ,First,#,Y:\projects\PRIM\anno_prim.gdb\Counties_in_Minnesota_anno,CharacterSpacing,-1,-1;FlipAngle 'FlipAngle' true true false 8 Double 0 0 ,First,#,Y:\projects\PRIM\anno_prim.gdb\Counties_in_Minnesota_anno,FlipAngle,-1,-1;Override 'Override' false true false 4 Long 0 0 ,First,#,Y:\projects\PRIM\anno_prim.gdb\Counties_in_Minnesota_anno,Override,-1,-1" # Y:\projects\PRIM\TEST.gdb\Counties_in_Minnesota_anno</Process><Process ToolSource="C:\Program Files (x86)\ArcGIS\Desktop10.0\ArcToolbox\Toolboxes\Conversion Tools.tbx\FeatureClassToFeatureClass" Date="20110622" Time="155720">FeatureClassToFeatureClass bdry_counpy2_anno V:\gdrs\data\pub\us_mn_state_dnr\bdry_counties_in_minnesota\bdry_counties_in_minnesota.gdb mn_county_boundaries_anno # "TextString "TextString" true true false 255 Text 0 0 ,First,#,V:\gdrs\data\pub\us_mn_state_dnr\base_prim_annotation\base_prim_annotation.gdb\bdry_counpy2_anno,TextString,-1,-1;FontName "FontName" true true false 255 Text 0 0 ,First,#,V:\gdrs\data\pub\us_mn_state_dnr\base_prim_annotation\base_prim_annotation.gdb\bdry_counpy2_anno,FontName,-1,-1;FontSize "FontSize" true true false 8 Double 0 0 ,First,#,V:\gdrs\data\pub\us_mn_state_dnr\base_prim_annotation\base_prim_annotation.gdb\bdry_counpy2_anno,FontSize,-1,-1;Bold "Bold" true true false 2 Short 0 0 ,First,#,V:\gdrs\data\pub\us_mn_state_dnr\base_prim_annotation\base_prim_annotation.gdb\bdry_counpy2_anno,Bold,-1,-1;Italic "Italic" true true false 2 Short 0 0 ,First,#,V:\gdrs\data\pub\us_mn_state_dnr\base_prim_annotation\base_prim_annotation.gdb\bdry_counpy2_anno,Italic,-1,-1;Underline "Underline" true true false 2 Short 0 0 ,First,#,V:\gdrs\data\pub\us_mn_state_dnr\base_prim_annotation\base_prim_annotation.gdb\bdry_counpy2_anno,Underline,-1,-1;VerticalAlignment "VerticalAlignment" true true false 2 Short 0 0 ,First,#,V:\gdrs\data\pub\us_mn_state_dnr\base_prim_annotation\base_prim_annotation.gdb\bdry_counpy2_anno,VerticalAlignment,-1,-1;HorizontalAlignment "HorizontalAlignment" true true false 2 Short 0 0 ,First,#,V:\gdrs\data\pub\us_mn_state_dnr\base_prim_annotation\base_prim_annotation.gdb\bdry_counpy2_anno,HorizontalAlignment,-1,-1;XOffset "XOffset" true true false 8 Double 0 0 ,First,#,V:\gdrs\data\pub\us_mn_state_dnr\base_prim_annotation\base_prim_annotation.gdb\bdry_counpy2_anno,XOffset,-1,-1;YOffset "YOffset" true true false 8 Double 0 0 ,First,#,V:\gdrs\data\pub\us_mn_state_dnr\base_prim_annotation\base_prim_annotation.gdb\bdry_counpy2_anno,YOffset,-1,-1;Angle "Angle" true true false 8 Double 0 0 ,First,#,V:\gdrs\data\pub\us_mn_state_dnr\base_prim_annotation\base_prim_annotation.gdb\bdry_counpy2_anno,Angle,-1,-1;FontLeading "FontLeading" true true false 8 Double 0 0 ,First,#,V:\gdrs\data\pub\us_mn_state_dnr\base_prim_annotation\base_prim_annotation.gdb\bdry_counpy2_anno,FontLeading,-1,-1;WordSpacing "WordSpacing" true true false 8 Double 0 0 ,First,#,V:\gdrs\data\pub\us_mn_state_dnr\base_prim_annotation\base_prim_annotation.gdb\bdry_counpy2_anno,WordSpacing,-1,-1;CharacterWidth "CharacterWidth" true true false 8 Double 0 0 ,First,#,V:\gdrs\data\pub\us_mn_state_dnr\base_prim_annotation\base_prim_annotation.gdb\bdry_counpy2_anno,CharacterWidth,-1,-1;CharacterSpacing "CharacterSpacing" true true false 8 Double 0 0 ,First,#,V:\gdrs\data\pub\us_mn_state_dnr\base_prim_annotation\base_prim_annotation.gdb\bdry_counpy2_anno,CharacterSpacing,-1,-1;FlipAngle "FlipAngle" true true false 8 Double 0 0 ,First,#,V:\gdrs\data\pub\us_mn_state_dnr\base_prim_annotation\base_prim_annotation.gdb\bdry_counpy2_anno,FlipAngle,-1,-1;Override "Override" false true false 4 Long 0 0 ,First,#,V:\gdrs\data\pub\us_mn_state_dnr\base_prim_annotation\base_prim_annotation.gdb\bdry_counpy2_anno,Override,-1,-1" #</Process><Process ToolSource="c:\program files (x86)\arcgis\desktop10.1\ArcToolbox\Toolboxes\Data Management Tools.tbx\CopyFeatures" Date="20130913" Time="114552">CopyFeatures F:\gdrs\data\pub\us_mn_state_dnr\bdry_counties_in_minnesota\bdry_counties_in_minnesota.gdb\mn_county_boundaries_anno F:\gdrs\data\pub\us_mn_state_dnr\bdry_counties_in_minnesota\shp\mn_county_boundaries_anno.shp # 0 0 0</Process></lineage><itemProps><itemName Sync="TRUE">mn_county_boundaries_anno</itemName><imsContentType Sync="TRUE">002</imsContentType><itemLocation><linkage Sync="TRUE">file://\\fisher\drsadmin\gdrs\data\pub\us_mn_state_dnr\bdry_counties_in_minnesota\shp\mn_county_boundaries_anno.shp</linkage><protocol Sync="TRUE">Local Area Network</protocol></itemLocation><itemSize Sync="TRUE">0.000</itemSize></itemProps><coordRef><type Sync="TRUE">Projected</type><geogcsn Sync="TRUE">GCS_North_American_1983</geogcsn><projcsn Sync="TRUE">NAD_1983_UTM_Zone_15N</projcsn><peXml Sync="TRUE">&lt;ProjectedCoordinateSystem xsi:type='typens:ProjectedCoordinateSystem' xmlns:xsi='http://www.w3.org/2001/XMLSchema-instance' xmlns:xs='http://www.w3.org/2001/XMLSchema' xmlns:typens='http://www.esri.com/schemas/ArcGIS/10.1'&gt;&lt;WKT&gt;PROJCS[&amp;quot;NAD_1983_UTM_Zone_15N&amp;quot;,GEOGCS[&amp;quot;GCS_North_American_1983&amp;quot;,DATUM[&amp;quot;D_North_American_1983&amp;quot;,SPHEROID[&amp;quot;GRS_1980&amp;quot;,6378137.0,298.257222101]],PRIMEM[&amp;quot;Greenwich&amp;quot;,0.0],UNIT[&amp;quot;Degree&amp;quot;,0.0174532925199433]],PROJECTION[&amp;quot;Transverse_Mercator&amp;quot;],PARAMETER[&amp;quot;False_Easting&amp;quot;,500000.0],PARAMETER[&amp;quot;False_Northing&amp;quot;,0.0],PARAMETER[&amp;quot;Central_Meridian&amp;quot;,-93.0],PARAMETER[&amp;quot;Scale_Factor&amp;quot;,0.9996],PARAMETER[&amp;quot;Latitude_Of_Origin&amp;quot;,0.0],UNIT[&amp;quot;Meter&amp;quot;,1.0],AUTHORITY[&amp;quot;EPSG&amp;quot;,26915]]&lt;/WKT&gt;&lt;XOrigin&gt;-5120900&lt;/XOrigin&gt;&lt;YOrigin&gt;-9998100&lt;/YOrigin&gt;&lt;XYScale&gt;450445547.3910538&lt;/XYScale&gt;&lt;ZOrigin&gt;-100000&lt;/ZOrigin&gt;&lt;ZScale&gt;10000&lt;/ZScale&gt;&lt;MOrigin&gt;-100000&lt;/MOrigin&gt;&lt;MScale&gt;10000&lt;/MScale&gt;&lt;XYTolerance&gt;0.001&lt;/XYTolerance&gt;&lt;ZTolerance&gt;0.001&lt;/ZTolerance&gt;&lt;MTolerance&gt;0.001&lt;/MTolerance&gt;&lt;HighPrecision&gt;true&lt;/HighPrecision&gt;&lt;WKID&gt;26915&lt;/WKID&gt;&lt;LatestWKID&gt;26915&lt;/LatestWKID&gt;&lt;/ProjectedCoordinateSystem&gt;</peXml><csUnits Sync="TRUE">Linear Unit: Meter (1.000000)</csUnits></coordRef></DataProperties><MetaID>{ED7B3277-A36F-4EFF-BA43-D0B4F7FE659B}</MetaID></Esri><idinfo><native Sync="TRUE">Microsoft Windows XP Version 5.1 (Build 2600) Service Pack 3; ESRI ArcCatalog 9.3.1.1850</native><descript><langdata Sync="TRUE">en</langdata><abstract>REQUIRED: A brief narrative summary of the data set.</abstract><purpose>REQUIRED: A summary of the intentions with which the data set was developed.</purpose></descript><citation><citeinfo><origin>REQUIRED: The name of an organization or individual that developed the data set.</origin><pubdate>REQUIRED: The date when the data set is published or otherwise made available for release.</pubdate><title Sync="TRUE">Counties_in_Minnesota_anno</title><ftname Sync="TRUE">Counties_in_Minnesota_anno</ftname><geoform Sync="TRUE">vector digital data</geoform><onlink Sync="TRUE">\\156.98.35.69\mis\scratch\Hal\anno_prim.gdb</onlink></citeinfo></citation><timeperd><current>REQUIRED: The basis on which the time period of content information is determined.</current><timeinfo><sngdate><caldate>REQUIRED: The year (and optionally month, or month and day) for which the data set corresponds to the ground.</caldate></sngdate></timeinfo></timeperd><status><progress>REQUIRED: The state of the data set.</progress><update>REQUIRED: The frequency with which changes and additions are made to the data set after the initial data set is completed.</update></status><spdom><bounding><westbc Sync="TRUE">REQUIRED: Western-most coordinate of the limit of coverage expressed in longitude.</westbc><eastbc Sync="TRUE">REQUIRED: Eastern-most coordinate of the limit of coverage expressed in longitude.</eastbc><northbc Sync="TRUE">REQUIRED: Northern-most coordinate of the limit of coverage expressed in latitude.</northbc><southbc Sync="TRUE">REQUIRED: Southern-most coordinate of the limit of coverage expressed in latitude.</southbc></bounding></spdom><keywords><theme><themekt>REQUIRED: Reference to a formally registered thesaurus or a similar authoritative source of theme keywords.</themekt><themekey>REQUIRED: Common-use word or phrase used to describe the subject of the data set.</themekey></theme></keywords><accconst>REQUIRED: Restrictions and legal prerequisites for accessing the data set.</accconst><useconst>REQUIRED: Restrictions and legal prerequisites for using the data set after access is granted.</useconst><natvform Sync="TRUE">File Geodatabase Feature Class</natvform></idinfo><dataIdInfo><envirDesc Sync="TRUE">Microsoft Windows 7 Version 6.1 (Build 7601) Service Pack 1; Esri ArcGIS 10.1.0.3035</envirDesc><dataLang><languageCode Sync="TRUE" value="eng" country="USA"></languageCode><countryCode value="USA" Sync="TRUE"></countryCode></dataLang><idCitation><resTitle Sync="TRUE">mn_county_boundaries_anno</resTitle><presForm><PresFormCd value="005"></PresFormCd></presForm></idCitation><descKeys><thesaName uuidref="723f6998-058e-11dc-8314-0800200c9a66"></thesaName><keyword Sync="TRUE">002</keyword></descKeys><spatRpType><SpatRepTypCd value="001"></SpatRepTypCd></spatRpType></dataIdInfo><metainfo><langmeta Sync="TRUE">en</langmeta><metstdn Sync="TRUE">FGDC Content Standards for Digital Geospatial Metadata</metstdn><metstdv Sync="TRUE">FGDC-STD-001-1998</metstdv><mettc Sync="TRUE">local time</mettc><metc><cntinfo><cntorgp><cntper>REQUIRED: The person responsible for the metadata information.</cntper><cntorg>REQUIRED: The organization responsible for the metadata information.</cntorg></cntorgp><cntaddr><addrtype>REQUIRED: The mailing and/or physical address for the organization or individual.</addrtype><city>REQUIRED: The city of the address.</city><state>REQUIRED: The state or province of the address.</state><postal>REQUIRED: The ZIP or other postal code of the address.</postal></cntaddr><cntvoice>REQUIRED: The telephone number by which individuals can speak to the organization or individual.</cntvoice></cntinfo></metc><metd Sync="TRUE">20100126</metd></metainfo><mdLang><languageCode Sync="TRUE" value="eng"></languageCode><countryCode value="USA" Sync="TRUE"></countryCode></mdLang><mdStanName Sync="TRUE">ISO 19115 Geographic Information - Metadata</mdStanName><mdStanVer Sync="TRUE">DIS_ESRI1.0</mdStanVer><mdChar><CharSetCd Sync="TRUE" value="004"></CharSetCd></mdChar><mdHrLv><ScopeCd Sync="TRUE" value="005"></ScopeCd></mdHrLv><mdHrLvName Sync="TRUE">dataset</mdHrLvName><distinfo><resdesc Sync="TRUE">Downloadable Data</resdesc></distinfo><distInfo><distributor><distorTran><onLineSrc><orDesc Sync="TRUE">002</orDesc><linkage Sync="TRUE">file://\\156.98.35.69\mis\scratch\Hal\anno_prim.gdb</linkage><protocol Sync="TRUE">Local Area Network</protocol></onLineSrc></distorTran><distorFormat><formatName Sync="TRUE">File Geodatabase Feature Class</formatName></distorFormat></distributor><distFormat><formatName Sync="TRUE">Shapefile</formatName></distFormat><distTranOps><transSize Sync="TRUE">0.000</transSize></distTranOps></distInfo><spdoinfo><direct Sync="TRUE">Vector</direct><ptvctinf><esriterm Name="mn_county_boundaries_anno"><efeatyp Sync="TRUE">Simple</efeatyp><efeageom code="4" Sync="TRUE"></efeageom><esritopo Sync="TRUE">FALSE</esritopo><efeacnt Sync="TRUE">0</efeacnt><spindex Sync="TRUE">FALSE</spindex><linrefer Sync="TRUE">FALSE</linrefer></esriterm></ptvctinf></spdoinfo><spref><horizsys><cordsysn><geogcsn Sync="TRUE">GCS_North_American_1983</geogcsn><projcsn Sync="TRUE">NAD_1983_UTM_Zone_15N</projcsn></cordsysn><planar><planci><plance Sync="TRUE">coordinate pair</plance><plandu Sync="TRUE">meters</plandu><coordrep><absres Sync="TRUE">0.000000</absres><ordres Sync="TRUE">0.000000</ordres></coordrep></planci></planar><geodetic><horizdn Sync="TRUE">North American Datum of 1983</horizdn><ellips Sync="TRUE">Geodetic Reference System 80</ellips><semiaxis Sync="TRUE">6378137.000000</semiaxis><denflat Sync="TRUE">298.257222</denflat></geodetic></horizsys></spref><refSysInfo><RefSystem><refSysID><identCode Sync="TRUE" code="26915" value="26915">NAD_1983_UTM_Zone_15N</identCode><idCodeSpace Sync="TRUE">EPSG</idCodeSpace><idVersion Sync="TRUE">7.9.4</idVersion></refSysID></RefSystem></refSysInfo><spatRepInfo><VectSpatRep><geometObjs Name="mn_county_boundaries_anno"><geoObjTyp><GeoObjTypCd value="002" Sync="TRUE"></GeoObjTypCd></geoObjTyp><geoObjCnt Sync="TRUE">0</geoObjCnt></geometObjs><topLvl><TopoLevCd value="001" Sync="TRUE"></TopoLevCd></topLvl></VectSpatRep></spatRepInfo><eainfo><detailed Name="mn_county_boundaries_anno"><enttyp><enttypl Sync="TRUE">mn_county_boundaries_anno</enttypl><enttypt Sync="TRUE">Feature Class</enttypt><enttypc Sync="TRUE">0</enttypc></enttyp><attr><attrlabl Sync="TRUE">FID</attrlabl><attalias Sync="TRUE">FID</attalias><attrtype Sync="TRUE">OID</attrtype><attwidth Sync="TRUE">4</attwidth><atprecis Sync="TRUE">0</atprecis><attscale Sync="TRUE">0</attscale><attrdef Sync="TRUE">Internal feature number.</attrdef><attrdefs Sync="TRUE">Esri</attrdefs><attrdomv><udom Sync="TRUE">Sequential unique whole numbers that are automatically generated.</udom></attrdomv></attr><attr><attrlabl Sync="TRUE">SHAPE</attrlabl><attalias Sync="TRUE">Shape</attalias><attrtype Sync="TRUE">Geometry</attrtype><attwidth Sync="TRUE">0</attwidth><atprecis Sync="TRUE">0</atprecis><attscale Sync="TRUE">0</attscale><attrdef Sync="TRUE">Feature geometry.</attrdef><attrdefs Sync="TRUE">ESRI</attrdefs><attrdomv><udom Sync="TRUE">Coordinates defining the features.</udom></attrdomv></attr><attr><attrlabl Sync="TRUE">FeatureID</attrlabl><attalias Sync="TRUE">FeatureID</attalias><attrtype Sync="TRUE">Integer</attrtype><attwidth Sync="TRUE">9</attwidth><atprecis Sync="TRUE">9</atprecis><attscale Sync="TRUE">0</attscale></attr><attr><attrlabl Sync="TRUE">ZOrder</attrlabl><attalias Sync="TRUE">ZOrder</attalias><attrtype Sync="TRUE">Integer</attrtype><attwidth Sync="TRUE">9</attwidth><atprecis Sync="TRUE">9</atprecis><attscale Sync="TRUE">0</attscale></attr><attr><attrlabl Sync="TRUE">Annotation</attrlabl><attalias Sync="TRUE">Annotation</attalias><attrtype Sync="TRUE">Integer</attrtype><attwidth Sync="TRUE">9</attwidth><atprecis Sync="TRUE">9</atprecis><attscale Sync="TRUE">0</attscale></attr><attr><attrlabl Sync="TRUE">SymbolID</attrlabl><attalias Sync="TRUE">SymbolID</attalias><attrtype Sync="TRUE">Integer</attrtype><attwidth Sync="TRUE">9</attwidth><atprecis Sync="TRUE">9</atprecis><attscale Sync="TRUE">0</attscale></attr><attr><attrlabl Sync="TRUE">Status</attrlabl><attalias Sync="TRUE">Status</attalias><attrtype Sync="TRUE">SmallInteger</attrtype><attwidth Sync="TRUE">4</attwidth><atprecis Sync="TRUE">4</atprecis><attscale Sync="TRUE">0</attscale></attr><attr><attrlabl Sync="TRUE">TextString</attrlabl><attalias Sync="TRUE">TextString</attalias><attrtype Sync="TRUE">String</attrtype><attwidth Sync="TRUE">254</attwidth><atprecis Sync="TRUE">0</atprecis><attscale Sync="TRUE">0</attscale></attr><attr><attrlabl Sync="TRUE">FontName</attrlabl><attalias Sync="TRUE">FontName</attalias><attrtype Sync="TRUE">String</attrtype><attwidth Sync="TRUE">254</attwidth><atprecis Sync="TRUE">0</atprecis><attscale Sync="TRUE">0</attscale></attr><attr><attrlabl Sync="TRUE">FontSize</attrlabl><attalias Sync="TRUE">FontSize</attalias><attrtype Sync="TRUE">Double</attrtype><attwidth Sync="TRUE">19</attwidth><atprecis Sync="TRUE">0</atprecis><attscale Sync="TRUE">0</attscale></attr><attr><attrlabl Sync="TRUE">Bold</attrlabl><attalias Sync="TRUE">Bold</attalias><attrtype Sync="TRUE">SmallInteger</attrtype><attwidth Sync="TRUE">4</attwidth><atprecis Sync="TRUE">4</atprecis><attscale Sync="TRUE">0</attscale></attr><attr><attrlabl Sync="TRUE">Italic</attrlabl><attalias Sync="TRUE">Italic</attalias><attrtype Sync="TRUE">SmallInteger</attrtype><attwidth Sync="TRUE">4</attwidth><atprecis Sync="TRUE">4</atprecis><attscale Sync="TRUE">0</attscale></attr><attr><attrlabl Sync="TRUE">Underline</attrlabl><attalias Sync="TRUE">Underline</attalias><attrtype Sync="TRUE">SmallInteger</attrtype><attwidth Sync="TRUE">4</attwidth><atprecis Sync="TRUE">4</atprecis><attscale Sync="TRUE">0</attscale></attr><attr><attrlabl Sync="TRUE">VerticalAl</attrlabl><attalias Sync="TRUE">VerticalAl</attalias><attrtype Sync="TRUE">SmallInteger</attrtype><attwidth Sync="TRUE">4</attwidth><atprecis Sync="TRUE">4</atprecis><attscale Sync="TRUE">0</attscale></attr><attr><attrlabl Sync="TRUE">Horizontal</attrlabl><attalias Sync="TRUE">Horizontal</attalias><attrtype Sync="TRUE">SmallInteger</attrtype><attwidth Sync="TRUE">4</attwidth><atprecis Sync="TRUE">4</atprecis><attscale Sync="TRUE">0</attscale></attr><attr><attrlabl Sync="TRUE">XOffset</attrlabl><attalias Sync="TRUE">XOffset</attalias><attrtype Sync="TRUE">Double</attrtype><attwidth Sync="TRUE">19</attwidth><atprecis Sync="TRUE">0</atprecis><attscale Sync="TRUE">0</attscale></attr><attr><attrlabl Sync="TRUE">YOffset</attrlabl><attalias Sync="TRUE">YOffset</attalias><attrtype Sync="TRUE">Double</attrtype><attwidth Sync="TRUE">19</attwidth><atprecis Sync="TRUE">0</atprecis><attscale Sync="TRUE">0</attscale></attr><attr><attrlabl Sync="TRUE">Angle</attrlabl><attalias Sync="TRUE">Angle</attalias><attrtype Sync="TRUE">Double</attrtype><attwidth Sync="TRUE">19</attwidth><atprecis Sync="TRUE">0</atprecis><attscale Sync="TRUE">0</attscale></attr><attr><attrlabl Sync="TRUE">FontLeadin</attrlabl><attalias Sync="TRUE">FontLeadin</attalias><attrtype Sync="TRUE">Double</attrtype><attwidth Sync="TRUE">19</attwidth><atprecis Sync="TRUE">0</atprecis><attscale Sync="TRUE">0</attscale></attr><attr><attrlabl Sync="TRUE">WordSpacin</attrlabl><attalias Sync="TRUE">WordSpacin</attalias><attrtype Sync="TRUE">Double</attrtype><attwidth Sync="TRUE">19</attwidth><atprecis Sync="TRUE">0</atprecis><attscale Sync="TRUE">0</attscale></attr><attr><attrlabl Sync="TRUE">CharacterW</attrlabl><attalias Sync="TRUE">CharacterW</attalias><attrtype Sync="TRUE">Double</attrtype><attwidth Sync="TRUE">19</attwidth><atprecis Sync="TRUE">0</atprecis><attscale Sync="TRUE">0</attscale></attr><attr><attrlabl Sync="TRUE">CharacterS</attrlabl><attalias Sync="TRUE">CharacterS</attalias><attrtype Sync="TRUE">Double</attrtype><attwidth Sync="TRUE">19</attwidth><atprecis Sync="TRUE">0</atprecis><attscale Sync="TRUE">0</attscale></attr><attr><attrlabl Sync="TRUE">FlipAngle</attrlabl><attalias Sync="TRUE">FlipAngle</attalias><attrtype Sync="TRUE">Double</attrtype><attwidth Sync="TRUE">19</attwidth><atprecis Sync="TRUE">0</atprecis><attscale Sync="TRUE">0</attscale></attr><attr><attrlabl Sync="TRUE">Override</attrlabl><attalias Sync="TRUE">Override</attalias><attrtype Sync="TRUE">Integer</attrtype><attwidth Sync="TRUE">9</attwidth><atprecis Sync="TRUE">9</atprecis><attscale Sync="TRUE">0</attscale></attr><attr><attrlabl Sync="TRUE">Shape_Leng</attrlabl><attalias Sync="TRUE">Shape_Leng</attalias><attrtype Sync="TRUE">Double</attrtype><attwidth Sync="TRUE">19</attwidth><atprecis Sync="TRUE">0</atprecis><attscale Sync="TRUE">0</attscale></attr><attr><attrlabl Sync="TRUE">SHAPE_Area</attrlabl><attalias Sync="TRUE">Shape_Area</attalias><attrtype Sync="TRUE">Double</attrtype><attwidth Sync="TRUE">19</attwidth><atprecis Sync="TRUE">0</atprecis><attscale Sync="TRUE">0</attscale><attrdef Sync="TRUE">Area of feature in internal units squared.</attrdef><attrdefs Sync="TRUE">ESRI</attrdefs><attrdomv><udom Sync="TRUE">Positive real numbers that are automatically generated.</udom></attrdomv></attr></detailed></eainfo><mdDateSt Sync="TRUE">20130913</mdDateSt><dataqual><lineage><procstep><procdesc Sync="TRUE">Dataset copied.</procdesc><srcused Sync="TRUE">\\DNR-CO4\PROJCO4\GIS\PROJECTS\PRIM\PRIM_LayersV92.gdb</srcused><procdate Sync="TRUE">20090127</procdate><proctime Sync="TRUE">14251000</proctime></procstep><procstep><procdesc Sync="TRUE">Dataset copied.</procdesc><srcused Sync="TRUE">\\156.98.35.69\mis\projects\PRIM\anno_prim.gdb</srcused><procdate Sync="TRUE">20091117</procdate><proctime Sync="TRUE">08502500</proctime></procstep><procstep><procdesc Sync="TRUE">Dataset copied.</procdesc><srcused Sync="TRUE">\\156.98.35.69\mis\projects\PRIM\TEST.gdb</srcused><procdate Sync="TRUE">20100127</procdate><proctime Sync="TRUE">10532100</proctime></procstep></lineage></dataqual></metadata>
