<metadata xml:lang="en"><Esri><DataProperties><itemProps><itemName Sync="TRUE">mn_county_boundaries_multipart</itemName><imsContentType Sync="TRUE">002</imsContentType><nativeExtBox><westBL Sync="TRUE">189775.332039</westBL><eastBL Sync="TRUE">761655.073439</eastBL><southBL Sync="TRUE">4816305.370038</southBL><northBL Sync="TRUE">5472427.737000</northBL><exTypeCode Sync="TRUE">1</exTypeCode></nativeExtBox><itemSize Sync="TRUE">0.000</itemSize><itemLocation><linkage Sync="TRUE">file://\\fisher\drsadmin\gdrs\data\pub\us_mn_state_dnr\bdry_counties_in_minnesota\shp\mn_county_boundaries_multipart.shp</linkage><protocol Sync="TRUE">Local Area Network</protocol></itemLocation></itemProps><coordRef><type Sync="TRUE">Projected</type><geogcsn Sync="TRUE">GCS_North_American_1983</geogcsn><projcsn Sync="TRUE">NAD_1983_UTM_Zone_15N</projcsn><peXml Sync="TRUE">&lt;ProjectedCoordinateSystem xsi:type='typens:ProjectedCoordinateSystem' xmlns:xsi='http://www.w3.org/2001/XMLSchema-instance' xmlns:xs='http://www.w3.org/2001/XMLSchema' xmlns:typens='http://www.esri.com/schemas/ArcGIS/10.1'&gt;&lt;WKT&gt;PROJCS[&amp;quot;NAD_1983_UTM_Zone_15N&amp;quot;,GEOGCS[&amp;quot;GCS_North_American_1983&amp;quot;,DATUM[&amp;quot;D_North_American_1983&amp;quot;,SPHEROID[&amp;quot;GRS_1980&amp;quot;,6378137.0,298.257222101]],PRIMEM[&amp;quot;Greenwich&amp;quot;,0.0],UNIT[&amp;quot;Degree&amp;quot;,0.0174532925199433]],PROJECTION[&amp;quot;Transverse_Mercator&amp;quot;],PARAMETER[&amp;quot;False_Easting&amp;quot;,500000.0],PARAMETER[&amp;quot;False_Northing&amp;quot;,0.0],PARAMETER[&amp;quot;Central_Meridian&amp;quot;,-93.0],PARAMETER[&amp;quot;Scale_Factor&amp;quot;,0.9996],PARAMETER[&amp;quot;Latitude_Of_Origin&amp;quot;,0.0],UNIT[&amp;quot;Meter&amp;quot;,1.0],AUTHORITY[&amp;quot;EPSG&amp;quot;,26915]]&lt;/WKT&gt;&lt;XOrigin&gt;-5120900&lt;/XOrigin&gt;&lt;YOrigin&gt;-9998100&lt;/YOrigin&gt;&lt;XYScale&gt;450445547.3910538&lt;/XYScale&gt;&lt;ZOrigin&gt;-100000&lt;/ZOrigin&gt;&lt;ZScale&gt;10000&lt;/ZScale&gt;&lt;MOrigin&gt;-100000&lt;/MOrigin&gt;&lt;MScale&gt;10000&lt;/MScale&gt;&lt;XYTolerance&gt;0.001&lt;/XYTolerance&gt;&lt;ZTolerance&gt;0.001&lt;/ZTolerance&gt;&lt;MTolerance&gt;0.001&lt;/MTolerance&gt;&lt;HighPrecision&gt;true&lt;/HighPrecision&gt;&lt;WKID&gt;26915&lt;/WKID&gt;&lt;LatestWKID&gt;26915&lt;/LatestWKID&gt;&lt;/ProjectedCoordinateSystem&gt;</peXml><csUnits Sync="TRUE">Linear Unit: Meter (1.000000)</csUnits></coordRef><lineage><Process ToolSource="C:\Program Files (x86)\ArcGIS\Desktop10.0\ArcToolbox\Toolboxes\Conversion Tools.tbx\FeatureClassToFeatureClass" Date="20110404" Time="154557">FeatureClassToFeatureClass V:\gdrs\data\pub\us_mn_state_dnr\bdry_counpy2\bdry_counpy2.shp V:\gdrs\data\pub\us_mn_state_dnr\bdry_mn_county_boundaries\bdry_mn_county_boundaries.gdb bdry_counpy2 # "AREA "AREA" true true false 20 Double 0 0 ,First,#,V:\gdrs\data\pub\us_mn_state_dnr\bdry_counpy2\bdry_counpy2.shp,AREA,-1,-1;PERIMETER "PERIMETER" true true false 20 Double 0 0 ,First,#,V:\gdrs\data\pub\us_mn_state_dnr\bdry_counpy2\bdry_counpy2.shp,PERIMETER,-1,-1;CTYONLY_ "CTYONLY_" true true false 11 Double 0 11 ,First,#,V:\gdrs\data\pub\us_mn_state_dnr\bdry_counpy2\bdry_counpy2.shp,CTYONLY_,-1,-1;CTYONLY_ID "CTYONLY_ID" true true false 11 Double 0 11 ,First,#,V:\gdrs\data\pub\us_mn_state_dnr\bdry_counpy2\bdry_counpy2.shp,CTYONLY_ID,-1,-1;COUN "COUN" true true false 2 Short 0 2 ,First,#,V:\gdrs\data\pub\us_mn_state_dnr\bdry_counpy2\bdry_counpy2.shp,COUN,-1,-1;CTY_NAME "CTY_NAME" true true false 20 Text 0 0 ,First,#,V:\gdrs\data\pub\us_mn_state_dnr\bdry_counpy2\bdry_counpy2.shp,CTY_NAME,-1,-1;CTY_ABBR "CTY_ABBR" true true false 4 Text 0 0 ,First,#,V:\gdrs\data\pub\us_mn_state_dnr\bdry_counpy2\bdry_counpy2.shp,CTY_ABBR,-1,-1;CTY_FIPS "CTY_FIPS" true true false 3 Short 0 3 ,First,#,V:\gdrs\data\pub\us_mn_state_dnr\bdry_counpy2\bdry_counpy2.shp,CTY_FIPS,-1,-1" #</Process><Process ToolSource="C:\Program Files (x86)\ArcGIS\Desktop10.0\ArcToolbox\Toolboxes\Data Management Tools.tbx\RemoveSpatialIndex" Date="20120525" Time="150705">RemoveSpatialIndex V:\gdrs\data\pub\us_mn_state_dnr\bdry_counties_in_minnesota\bdry_counties_in_minnesota.gdb\mn_county_boundaries</Process><Process ToolSource="C:\Program Files (x86)\ArcGIS\Desktop10.0\ArcToolbox\Toolboxes\Data Management Tools.tbx\RemoveSpatialIndex" Date="20120525" Time="162010">RemoveSpatialIndex V:\gdrs\data\pub\us_mn_state_dnr\bdry_counties_in_minnesota\bdry_counties_in_minnesota.gdb\mn_county_boundaries</Process><Process ToolSource="C:\Program Files (x86)\ArcGIS\Desktop10.0\ArcToolbox\Toolboxes\Data Management Tools.tbx\RemoveSpatialIndex" Date="20120525" Time="162241">RemoveSpatialIndex V:\gdrs\data\pub\us_mn_state_dnr\bdry_counties_in_minnesota\bdry_counties_in_minnesota.gdb\mn_county_boundaries</Process><Process ToolSource="C:\Program Files (x86)\ArcGIS\Desktop10.0\ArcToolbox\Toolboxes\Data Management Tools.tbx\RepairGeometry" Date="20120525" Time="172943">RepairGeometry V:\gdrs\data\pub\us_mn_state_dnr\bdry_counties_in_minnesota\bdry_counties_in_minnesota.gdb\mn_county_boundaries DELETE_NULL</Process><Process ToolSource="C:\Program Files (x86)\ArcGIS\Desktop10.0\ArcToolbox\Toolboxes\Data Management Tools.tbx\RepairGeometry" Date="20120525" Time="172951">RepairGeometry V:\gdrs\data\pub\us_mn_state_dnr\bdry_counties_in_minnesota\bdry_counties_in_minnesota.gdb\mn_county_boundaries DELETE_NULL</Process><Process ToolSource="c:\program files\arcgis\desktop10.1\ArcToolbox\Toolboxes\Data Management Tools.tbx\Dissolve" Date="20130508" Time="100353">Dissolve county_dnr C:\Users\mdolbow\Documents\Administration\Data\county_87_dissolve.shp CTY_FIPS # MULTI_PART DISSOLVE_LINES</Process><Process ToolSource="c:\program files\arcgis\desktop10.1\ArcToolbox\Toolboxes\Data Management Tools.tbx\CalculateField" Date="20130508" Time="100819">CalculateField county_87_dissolve COUNTYFIPS ""00"+ [CTY_FIPS]" VB #</Process><Process ToolSource="c:\program files\arcgis\desktop10.1\ArcToolbox\Toolboxes\Data Management Tools.tbx\CalculateField" Date="20130508" Time="100836">CalculateField county_87_dissolve COUNTYFIPS ""00"&amp; [CTY_FIPS]" VB #</Process><Process ToolSource="c:\program files\arcgis\desktop10.1\ArcToolbox\Toolboxes\Data Management Tools.tbx\CalculateField" Date="20130508" Time="100901">CalculateField county_87_dissolve COUNTYFIPS ""0"&amp; [CTY_FIPS]" VB #</Process><Process ToolSource="c:\program files\arcgis\desktop10.1\ArcToolbox\Toolboxes\Data Management Tools.tbx\CalculateField" Date="20130508" Time="100911">CalculateField county_87_dissolve COUNTYFIPS [CTY_FIPS] VB #</Process><Process ToolSource="C:\Program Files (x86)\ArcGIS\Desktop10.0\ArcToolbox\Toolboxes\Conversion Tools.tbx\FeatureClassToFeatureClass" Date="20130717" Time="153750">FeatureClassToFeatureClass D:\gistemp\MyProjects\local\counties_update_from_mda\county87.gdb\mn_county_boundaries_87 V:\gdrs\data\pub\us_mn_state_dnr\bdry_counties_in_minnesota\bdry_counties_in_minnesota.gdb mn_county_boundaries_multipart # "COUNTYFIPS "COUNTYFIPS" true true false 3 Text 0 0 ,First,#,D:\gistemp\MyProjects\local\counties_update_from_mda\county87.gdb\mn_county_boundaries_87,COUNTYFIPS,-1,-1;COUNTYNAME "COUNTYNAME" true true false 24 Text 0 0 ,First,#,D:\gistemp\MyProjects\local\counties_update_from_mda\county87.gdb\mn_county_boundaries_87,COUNTYNAME,-1,-1;Shape_Length "Shape_Length" false true true 8 Double 0 0 ,First,#,D:\gistemp\MyProjects\local\counties_update_from_mda\county87.gdb\mn_county_boundaries_87,Shape_Length,-1,-1;Shape_Area "Shape_Area" false true true 8 Double 0 0 ,First,#,D:\gistemp\MyProjects\local\counties_update_from_mda\county87.gdb\mn_county_boundaries_87,Shape_Area,-1,-1" #</Process><Process ToolSource="c:\program files (x86)\arcgis\desktop10.1\ArcToolbox\Toolboxes\Data Management Tools.tbx\CopyFeatures" Date="20130913" Time="114557">CopyFeatures F:\gdrs\data\pub\us_mn_state_dnr\bdry_counties_in_minnesota\bdry_counties_in_minnesota.gdb\mn_county_boundaries_multipart F:\gdrs\data\pub\us_mn_state_dnr\bdry_counties_in_minnesota\shp\mn_county_boundaries_multipart.shp # 0 0 0</Process></lineage></DataProperties><SyncDate>20130913</SyncDate><SyncTime>11455600</SyncTime><ModDate>20130913</ModDate><ModTime>11455600</ModTime><ArcGISFormat>1.0</ArcGISFormat><CreaDate>20130508</CreaDate><CreaTime>10155600</CreaTime><SyncOnce>FALSE</SyncOnce><ArcGISstyle>FGDC CSDGM Metadata</ArcGISstyle></Esri><mdLang><languageCode value="eng"/><countryCode value="USA" Sync="TRUE"></countryCode></mdLang><mdHrLv><ScopeCd value="005"/></mdHrLv><mdContact><rpIndName>Renee Johnson</rpIndName><rpOrgName>DNR-Lands and Minerals</rpOrgName><rpPosName>ITS 3</rpPosName><rpCntInfo><cntPhone><voiceNum>(651) 259-5396</voiceNum><faxNum>(651) 296-5939</faxNum></cntPhone><cntAddress><delPoint>500 Lafayette Road - Box 45</delPoint><city>St. Paul</city><adminArea>MN</adminArea><postCode>55155</postCode><eMailAdd>renee.johnson@state.mn.us</eMailAdd></cntAddress></rpCntInfo><role><RoleCd value="007"/></role></mdContact><mdDateSt Sync="TRUE">20130913</mdDateSt><mdStanName>ArcGIS Metadata</mdStanName><mdStanVer>1.0</mdStanVer><distInfo><distributor><distorCont><rpIndName>Hal Watson</rpIndName><rpOrgName>DNR-MIS</rpOrgName><rpPosName>GIS Database Coordinator</rpPosName><rpCntInfo><cntPhone><voiceNum>(651) 259-5508</voiceNum><faxNum>(651) 297-4946</faxNum></cntPhone><cntAddress><delPoint>500 Lafayette Road, Box 11</delPoint><city>St. Paul</city><adminArea>MN</adminArea><postCode>55155-4011</postCode><eMailAdd>hal.watson@state.mn.us</eMailAdd></cntAddress></rpCntInfo><role><RoleCd value="005"/></role></distorCont><distorOrdPrc><ordInstr>See Online Linkage or Distribution Contact</ordInstr></distorOrdPrc><distorTran><onLineSrc><orDesc>bdry_counpy2</orDesc></onLineSrc></distorTran></distributor><distFormat><formatName Sync="TRUE">Shapefile</formatName><formatVer>Not Applicable</formatVer></distFormat><distTranOps><onLineSrc><linkage>http://deli.dnr.state.mn.us/</linkage></onLineSrc></distTranOps><distTranOps><transSize>0.5</transSize></distTranOps></distInfo><dataIdInfo><idCitation><resTitle Sync="TRUE">mn_county_boundaries_multipart</resTitle><date><pubDate/></date><citRespParty><rpOrgName>Minnesota DNR - Minerals Division/Section of Wildlife</rpOrgName><role><RoleCd value="006"/></role></citRespParty><citRespParty><rpOrgName>Minnesota DNR - MIS Bureau</rpOrgName><role><RoleCd value="010"/></role></citRespParty><presForm><PresFormCd value="005"></PresFormCd></presForm></idCitation><idAbs>Minnesota county boundaries derived from a combination of 1:24,000 scale PLS lines, 1:100,000 scale TIGER, 1:100,000 scale DLG, and 1:24,000 scale hydrography lines. At the time of its development (1993), the largest available scale data were assembled to create the layer.</idAbs><idPurp>This layer exists to facilitate integration between county and PLS data sets. Used also as the basis for county-based tiling schemes with DNR's GIS Core datbase. The state border contained within the layer is used in numerous DNR data sets.</idPurp><idStatus><ProgCd value="001"/></idStatus><idPoC><rpIndName>Renee Johnson</rpIndName><rpOrgName>DNR-Lands and Minerals</rpOrgName><rpPosName>ITS 3</rpPosName><rpCntInfo><cntPhone><voiceNum>(651) 259-5396</voiceNum><faxNum>(651) 296-5939</faxNum></cntPhone><cntAddress><delPoint>500 Lafayette Road - Box 45</delPoint><city>St. Paul</city><adminArea>MN</adminArea><postCode>55155</postCode><eMailAdd>renee.johnson@state.mn.us</eMailAdd></cntAddress></rpCntInfo><role><RoleCd value="007"/></role></idPoC><resMaint><maintFreq><MaintFreqCd value="011"/></maintFreq></resMaint><graphOver><bgFileName>http://jmaps.dnr.state.mn.us/gis/dp_datasample.jsp?mpid=22000003&amp;ptid=2&amp;fcid=1&amp;lname=Minnesota County Boundaries</bgFileName></graphOver><placeKeys><keyword>Minnesota</keyword></placeKeys><themeKeys><keyword>Minnesota counties, boundaries</keyword></themeKeys><searchKeys><keyword>Minnesota</keyword><keyword>Minnesota counties, boundaries</keyword></searchKeys><resConst><LegConsts><accessConsts><RestrictCd value="008"/></accessConsts><othConsts>Access constraints: None</othConsts></LegConsts></resConst><resConst><LegConsts><useConsts><RestrictCd value="008"/></useConsts><othConsts>Use constraints: Use of the data are constrained only by the DNR GIS Data License Agreement</othConsts></LegConsts></resConst><resConst><Consts><useLimit>The Minnesota Department of Natural Resources makes no representation or warranties, express or implied, with respect to the reuse of data provided herewith, regardless of its format or the means of its transmission. There is no guarantee or representation to the user as to the accuracy, currency, suitability, or reliability of this data for any purpose. The user accepts the data 'as is', and assumes all risks associated with its use. By accepting this data, the user agrees not to transmit this data or provide access to it or any part of it to another party unless the user shall include with the data a copy of this disclaimer. The Minnesota Department of Natural Resources assumes no responsibility for actual or consequential damage incurred as a result of any user's reliance on this data.</useLimit></Consts></resConst><spatRpType><SpatRepTypCd value="001"/></spatRpType><dataLang><languageCode value="eng" country="USA"/><countryCode value="USA" Sync="TRUE"></countryCode></dataLang><tpCat><TopicCatCd value="003"/></tpCat><envirDesc Sync="TRUE">Microsoft Windows 7 Version 6.1 (Build 7601) Service Pack 1; Esri ArcGIS 10.1.0.3035</envirDesc><dataExt><geoEle><GeoBndBox esriExtentType="search"><westBL Sync="TRUE">-97.269864</westBL><eastBL Sync="TRUE">-89.397120</eastBL><southBL Sync="TRUE">43.435384</southBL><northBL Sync="TRUE">49.404536</northBL><exTypeCode Sync="TRUE">1</exTypeCode></GeoBndBox></geoEle></dataExt><dataExt><exDesc>A multitude of source dates are associated with this data set, including those associated with the original GISMO, RKI, DLG, and TIGER data set development efforts. Work on the coverage was completed during the summer/fall of 1993. Attribute restructuring to ensure conformance with DNR PLS Coding standard performed in March 1996.</exDesc><tempEle><TempExtent><exTemp><TM_Instant><tmPosition>Unknown</tmPosition></TM_Instant></exTemp></TempExtent></tempEle><geoEle><GeoBndBox esriExtentType="search"><exTypeCode Sync="TRUE">1</exTypeCode></GeoBndBox></geoEle></dataExt><suppInfo>Statewide</suppInfo><descKeys><thesaName uuidref="723f6998-058e-11dc-8314-0800200c9a66"></thesaName><keyword Sync="TRUE">002</keyword></descKeys></dataIdInfo><dqInfo><dqScope><scpLvl><ScopeCd value="005"/></scpLvl></dqScope><dqReport type="DQTopConsis"><evalMethDesc>Data are topolocially correct using ARC/INFO 7.0.3. All polygons are closed and lines intersect where intended.</evalMethDesc></dqReport><dqReport type="DQConcConsis"><measDesc>Data are topolocially correct using ARC/INFO 7.0.3. All polygons are closed and lines intersect where intended.</measDesc></dqReport><dqReport type="DQCompOm"><measDesc>All Minnesota county lands are present, including off-shore islands in Lake Superior. The official state and international borders within Lake Superior are not included in this data set.</measDesc></dqReport><dqReport type="DQQuanAttAcc"><measDesc>Source table BDRY_COUNPY2.DBF: Unknown</measDesc></dqReport><dqReport type="DQAbsExtPosAcc"><measDesc>Source layer plsctne3: Not Applicable</measDesc></dqReport><dqReport type="DQAbsExtPosAcc"><measDesc>Source layer plsctne3: Source accuracies vary greatly. PLS lines and coincident county boundaries range in expected offsets from 50 to 200 feet, with the smaller value being more common. The most significant offsets within this category are in the northeastern portion of the state where the USGS quad sources are most tentative with regards to section corner locations. County boundaries not coincident with PLS lines are typically from 1990 vintage TIGER data with many off-sets in the 100 foot range. The international boundary should be highly accurate as it was taken directly from legislative notes. The Lake Superior North Shore was from National Wetland Inventory and will typically exhibit off-sets of about 60 feet, with generally good depictions of the shore line character.</measDesc></dqReport><dataLineage><prcStep><stepDesc>Attribute Lineage for source table BDRY_COUNPY2.DBF: Some attribute table restructuring was performing during the GIS Core Library development effort in March 1996. This entailed bringing in selected fields from the county cross-reference table, including county names and county abbreviations.</stepDesc></prcStep><dataSource><srcScale><equScale><rfDenom>0</rfDenom></equScale></srcScale></dataSource></dataLineage></dqInfo><refSysInfo><RefSystem><refSysID><identCode code="26915">None</identCode><idCodeSpace Sync="TRUE">EPSG</idCodeSpace><idVersion Sync="TRUE">7.9.4</idVersion></refSysID></RefSystem></refSysInfo><mdHrLvName Sync="TRUE">dataset</mdHrLvName><spdoinfo><ptvctinf><esriterm Name="mn_county_boundaries_multipart"><efeatyp Sync="TRUE">Simple</efeatyp><efeageom code="4" Sync="TRUE"></efeageom><esritopo Sync="TRUE">FALSE</esritopo><efeacnt Sync="TRUE">0</efeacnt><spindex Sync="TRUE">FALSE</spindex><linrefer Sync="TRUE">FALSE</linrefer></esriterm></ptvctinf></spdoinfo><spatRepInfo><VectSpatRep><geometObjs Name="mn_county_boundaries_multipart"><geoObjTyp><GeoObjTypCd value="002" Sync="TRUE"></GeoObjTypCd></geoObjTyp><geoObjCnt Sync="TRUE">0</geoObjCnt></geometObjs><topLvl><TopoLevCd value="001" Sync="TRUE"></TopoLevCd></topLvl></VectSpatRep></spatRepInfo><eainfo><detailed Name="mn_county_boundaries_multipart"><enttyp><enttypl Sync="TRUE">mn_county_boundaries_multipart</enttypl><enttypt Sync="TRUE">Feature Class</enttypt><enttypc Sync="TRUE">0</enttypc></enttyp><attr><attrlabl Sync="TRUE">FID</attrlabl><attalias Sync="TRUE">FID</attalias><attrtype Sync="TRUE">OID</attrtype><attwidth Sync="TRUE">4</attwidth><atprecis Sync="TRUE">0</atprecis><attscale Sync="TRUE">0</attscale><attrdef Sync="TRUE">Internal feature number.</attrdef><attrdefs Sync="TRUE">Esri</attrdefs><attrdomv><udom Sync="TRUE">Sequential unique whole numbers that are automatically generated.</udom></attrdomv></attr><attr><attrlabl Sync="TRUE">Shape</attrlabl><attalias Sync="TRUE">Shape</attalias><attrtype Sync="TRUE">Geometry</attrtype><attwidth Sync="TRUE">0</attwidth><atprecis Sync="TRUE">0</atprecis><attscale Sync="TRUE">0</attscale><attrdef Sync="TRUE">Feature geometry.</attrdef><attrdefs Sync="TRUE">ESRI</attrdefs><attrdomv><udom Sync="TRUE">Coordinates defining the features.</udom></attrdomv></attr><attr><attrlabl Sync="TRUE">COUNTYFIPS</attrlabl><attalias Sync="TRUE">COUNTYFIPS</attalias><attrtype Sync="TRUE">String</attrtype><attwidth Sync="TRUE">3</attwidth><atprecis Sync="TRUE">0</atprecis><attscale Sync="TRUE">0</attscale></attr><attr><attrlabl Sync="TRUE">COUNTYNAME</attrlabl><attalias Sync="TRUE">COUNTYNAME</attalias><attrtype Sync="TRUE">String</attrtype><attwidth Sync="TRUE">24</attwidth><atprecis Sync="TRUE">0</atprecis><attscale Sync="TRUE">0</attscale></attr><attr><attrlabl Sync="TRUE">Shape_Leng</attrlabl><attalias Sync="TRUE">Shape_Leng</attalias><attrtype Sync="TRUE">Double</attrtype><attwidth Sync="TRUE">19</attwidth><atprecis Sync="TRUE">0</atprecis><attscale Sync="TRUE">0</attscale></attr><attr><attrlabl Sync="TRUE">Shape_Area</attrlabl><attalias Sync="TRUE">Shape_Area</attalias><attrtype Sync="TRUE">Double</attrtype><attwidth Sync="TRUE">19</attwidth><atprecis Sync="TRUE">0</atprecis><attscale Sync="TRUE">0</attscale><attrdef Sync="TRUE">Area of feature in internal units squared.</attrdef><attrdefs Sync="TRUE">ESRI</attrdefs><attrdomv><udom Sync="TRUE">Positive real numbers that are automatically generated.</udom></attrdomv></attr></detailed></eainfo></metadata>
